case,Th,Tc,radiation_W,conduction_W,total_W,vf_closure_pct
s1_50K_base,300,50,8.411264,1.029089,9.440352999999998,
s1_77K_base,300,77,8.383,0.962,9.344999999999999,
s2_from50K_base,50,4,0.005287,0.070294,0.075581,
s2_from77K_base,77,4,0.02974,0.1621,0.19183999999999998,
s1_50K_agg400,300,50,6.489442,1.029089,7.518531,
s1_50K_agg800,300,50,3.255523,1.029089,4.284612,
s1_50K_epsHi,300,50,11.47717,1.029089,12.50626,
s1_50K_epsLo,300,50,5.448772,1.029089,6.477861,
s1_50K_mli,300,50,1.813085,1.029089,2.842174,
s1_50K_norm250,300,50,7.363726,1.02909,8.392815,
s1_77K_epsHi,300,77,11.43787,0.9620478,12.39992,
s1_77K_epsLo,300,77,5.436489,0.9620478,6.398537,
s1_77K_mli,300,77,1.806892,0.9620478,2.76894,
s1_77K_norm250,300,77,7.337429,0.962048,8.299477,98.99
s2_from50K_norm250,50,4,0.003161962,0.07029455,0.07345651,99.61
s2_from77K_norm250,77,4,0.01778501,0.1621029,0.1798879,99.61
