fluid,T_K,P_Pa,rho,cp,mu,k,Pr,beta,Mo
Helium,40,100000.0,1.2010367379154112,5205.9104279704225,5.541908839177085e-06,0.040444509451023056,0.7133398675948994,0.025017824109325272,655.9877093835543
Helium,40,500000.0,5.954508057094204,5255.141637904271,5.630977991178531e-06,0.04103208703074793,0.7211816177273656,0.025064906767921977,2375.4785459698123
Helium,40,1000000.0,11.777181022787428,5312.739363115801,5.740902740481179e-06,0.042024113458266954,0.7257718833131936,0.02507187753806486,4144.456112232018
Helium,45,100000.0,1.0675436916256704,5203.204638036402,5.960204695546687e-06,0.043612421996934554,0.7110855874432898,0.022222972745982585,606.5666700967516
Helium,45,500000.0,5.2922997376995085,5242.025036148103,6.042259914760631e-06,0.04415260428834236,0.7173682789183095,0.022211013670125294,2193.861549837394
Helium,45,1000000.0,10.468632986472059,5287.569021957308,6.1436162832576765e-06,0.045052632577903796,0.7210409976814108,0.022164421525106028,3820.1188105461006
Helium,50,100000.0,0.9608090710152919,5201.259134489092,6.360228505940551e-06,0.04667754535793495,0.7087175720206881,0.019991998511197658,565.7555075965761
Helium,50,500000.0,4.763845229443324,5232.60478895731,6.436780686925325e-06,0.04718147707885548,0.713863395831829,0.019950482766391806,2044.790050845305
Helium,50,1000000.0,9.426171088312925,5269.4946988673155,6.531395505274903e-06,0.048008422867422185,0.7168982427582908,0.01987863438436451,3556.0176960547115
Helium,55,100000.0,0.8735084897832639,5199.813109449576,6.744905384825098e-06,0.04965395775156455,0.7063333726082587,0.018169412045235166,531.3623458282557
Helium,55,500000.0,4.332068526112931,5225.602956025445,6.817007572641375e-06,0.05012953524423157,0.7106184956490648,0.01811360132185953,1919.6829786478172
Helium,55,1000000.0,8.575167297540995,5256.050873079166,6.906157151909044e-06,0.050897352030729655,0.713182746835191,0.018030929839063417,3335.649698101663
Helium,60,100000.0,0.8007704614722378,5198.709102327695,7.116501807026697e-06,0.05255249982376389,0.7039935844153992,0.016652210487869246,501.8963583440011
Helium,60,500000.0,3.9725111906656028,5220.253858710154,7.18491074733624e-06,0.053005478533365,0.707607196295016,0.016590287840895723,1812.8115411402655
Helium,60,1000000.0,7.866769583261711,5245.768150395753,7.269515227759696e-06,0.05372472089276192,0.7098071579881653,0.016504372348341945,3148.2057025341915
Helium,65,100000.0,0.7392278372879625,5197.847332728237,7.476811966560712e-06,0.05538177380634692,0.701734965615065,0.015369412698468749,476.3054946188302
Helium,65,500000.0,3.668362356351744,5216.074480804239,7.5420856389276095e-06,0.05581644824502764,0.7048116042882576,0.01530585055824925,1720.1884646822998
Helium,65,1000000.0,7.2675791200550615,5237.722540723235,7.622825766706546e-06,0.05649526510977353,0.7067184526828182,0.015220707427571232,2986.2739342583336
Helium,70,100000.0,0.6864782138641322,5197.16201120871,7.827282136895133e-06,0.05814876963743758,0.6995789184625049,0.014270492127630728,453.8243893353901
Helium,70,500000.0,3.4076747634229387,5212.747163063677,7.88984114279061e-06,0.05856840830856606,0.7022172570820846,0.014207739816695694,1638.943280037922
Helium,70,1000000.0,6.753948026326925,5231.307418640138,7.967231708007238e-06,0.05921320048347068,0.7038808576435228,0.014125463367249453,2844.581691197789
Helium,75,100000.0,0.6407612321201881,5196.608297420975,8.169096341359743e-06,0.06085927710409068,0.6975369384906475,0.013318492992691798,433.881808517857
Helium,75,500000.0,3.1817183541853127,5210.055681369924,8.229263897895226e-06,0.06126641025733057,0.6998112496658219,0.013257864278145697,1566.9509336691542
Helium,75,1000000.0,6.308641673833964,5226.1101599497615,8.303701643034267e-06,0.06188228007812217,0.7012679472551485,0.013179485007480127,2719.2629287968193
Helium,80,100000.0,0.6007573739869967,5196.15475726257,8.503236993556056e-06,0.06351816827636124,0.6956141298652786,0.012485754712605707,416.0420091468498
Helium,80,500000.0,2.9839622353070685,5207.8485340763555,8.561265760116416e-06,0.0639147837990216,0.6975815717199201,0.01242791315615542,1502.6007416500415
Helium,80,1000000.0,5.918790774739227,5221.841658885357,8.633061597318578e-06,0.06450585099563293,0.6988587856263377,0.012353864086385224,2607.410437103828
Helium,85,100000.0,0.5654580072655284,5195.778815332403,8.830528837688127e-06,0.0661295976228297,0.6938114900490839,0.01175115884588887,399.9662917030444
Helium,85,500000.0,2.809421245154074,5206.016912617195,8.886619367273006e-06,0.06651727769429289,0.6955168991527171,0.011696391637481502,1444.647093877848
Helium,85,1000000.0,5.574584643757504,5218.294189069406,8.95602060707861e-06,0.06708690634437378,0.6966359434015484,0.011626769359298267,2506.7906174412074
Helium,90,100000.0,0.5340788681252057,5195.463914075974,9.151671444923124e-06,0.06869714782956736,0.6921274062722185,0.011098300819158625,385.38703882810364
Helium,90,500000.0,2.65422301016018,5204.480983282918,9.205985155158008e-06,0.06907716629770515,0.6936065452643853,0.011046677141905482,1392.1098241380425
Helium,90,1000000.0,5.268409313311616,5215.3152268155145,9.273191186170813e-06,0.06962813109970276,0.6945844219939794,0.010981391253949238,2415.655449398573
Helium,95,100000.0,0.5060009276911346,5195.197683685891,9.467263682188891e-06,0.07122393861388211,0.6905586423574289,0.010514242903491565,372.0897304849215
Helium,95,500000.0,2.5153131265213564,5203.181068079799,9.519932150833541e-06,0.0715973316888164,0.6918404578526848,0.010465707266566877,1344.2058545902075
Helium,95,1000000.0,4.994262682810816,5212.7906487976115,9.585105715125453e-06,0.07213194186465267,0.692691034622309,0.010404567272081831,2332.6148165754644
Helium,100,100000.0,0.4807290327592634,5194.970731015107,9.77782243257018e-06,0.07371270959995611,0.6891009925687939,0.009988643515284137,359.9002017156734
Helium,100,500000.0,2.390249549743027,5202.0718160182205,9.82895417392564e-06,0.0740803280315433,0.6902092208250178,0.00994307149534168,1300.3011522252257
Helium,100,1000000.0,4.747347752123061,5210.633636834819,9.892229614492546e-06,0.0746005210509405,0.6909440262135885,0.009885837768654577,2256.5475697123265
Nitrogen,65,100000.0,859.7461716444029,2002.8840955864598,0.0002823800875654743,0.16958485781086013,3.3350535749246664,0.004825785019323372,42214.061957554426
Nitrogen,65,300000.0,860.1062571578922,2001.7076025661518,0.00028313532998487515,0.1697580506251261,3.3385994979251645,0.004812181336094179,42199.03726391987
Nitrogen,65,500000.0,860.4650498313634,2000.5418260802453,0.00028388996147102834,0.16993077328107103,3.3421476932122274,0.0047986873416226185,42184.1058564753
Nitrogen,66,100000.0,855.5834953060822,2004.7638218999084,0.00026807754367644027,0.1675702280048205,3.2072055246643196,0.004881524499269854,42643.13715965558
Nitrogen,66,300000.0,855.9537217999887,2003.5285325929524,0.00026880672456009607,0.16774721804841286,3.210556626063241,0.004867353369734232,42628.061599420835
Nitrogen,66,500000.0,856.3225742507877,2002.3048445900927,0.000269535280244816,0.16792370946278803,3.213910645189382,0.004853300499475585,42613.08315189605
Nitrogen,67,100000.0,851.392761110687,2006.7993237641278,0.00025482029168445995,0.16555742303948096,3.088796501210359,0.004939053510410435,43050.790694154675
Nitrogen,67,300000.0,851.773499056502,2005.5016896003485,0.00025552515737181734,0.1657383089193546,3.091959476272483,0.004924278896859361,43035.69175415736
Nitrogen,67,500000.0,852.1527757742489,2004.2166258971201,0.00025622938200656,0.16591866581672302,3.09512606633516,0.004909631936498479,43020.693898848105
Nitrogen,68,100000.0,847.1730216751495,2009.0090745454315,0.00024251372297818253,0.16354624205926227,2.979049007976719,0.004998473217749968,43437.04444812969
Nitrogen,68,300000.0,847.5646643422716,2007.6452319903492,0.00024319589683923754,0.1637311282544386,2.98202967226958,0.004983056077791539,43421.94950070337
Nitrogen,68,500000.0,847.9547520603331,2006.2950231511131,0.00024387741212705954,0.16391545307472163,2.9850147074690225,0.004967776904639908,43406.95977929124
Nitrogen,69,100000.0,842.9232732727945,2011.4111148576217,0.00023107287498271183,0.16153648246942812,2.8772605542546437,0.005059894296188062,43801.96160003224
Nitrogen,69,300000.0,843.3262385757946,2009.976854442649,0.00023173386850237765,0.16172547971043502,2.880063876849839,0.0050437922589753326,43786.89774283868
Nitrogen,69,500000.0,843.7275480551513,2008.5573961414143,0.00023239418416843113,0.1619138809721175,2.8828723925908117,0.005027839531653884,43771.943450886945
Nitrogen,70,100000.0,838.6424502011894,2014.0233312268756,0.00022042134164975747,0.15952793845319146,2.7827960988363203,0.005123437666293777,44145.645083376614
Nitrogen,70,300000.0,839.0571827441862,2012.514062458598,0.0002210625644911835,0.15972116413995788,2.7854262277466573,0.005106604666230225,44130.638973708876
Nitrogen,70,500000.0,839.4701507456929,2011.0208819336258,0.0002217030883308955,0.15991375683968595,2.7880624471199913,0.0050899334740352005,44115.74700035396
Nitrogen,71,100000.0,834.3294187966152,2016.8637131817634,0.00021049031839822944,0.15752039955056407,2.6950813124187794,0.005189235352642906,44468.23576335906
Nitrogen,71,300000.0,834.7563921404577,2015.2744247066116,0.00021111308756352893,0.15771797821352937,2.6975415923200776,0.005171621213922197,44453.31344565705
Nitrogen,71,500000.0,835.1814836097542,2013.7026427241237,0.00021173513458661904,0.15791488426653022,2.7000089450402203,0.005154182679648193,44438.510107375856
Nitrogen,72,100000.0,829.9829710208495,2019.9505953148712,0.00020121776339848983,0.1555136492769553,2.613596574027126,0.005257431480236945,44769.910394095445
Nitrogen,72,300000.0,830.4226902028229,2018.2758096051944,0.00020182331159197798,0.15571571308687943,2.6158895562019087,0.005238981444363007,44755.09711891256
Nitrogen,72,500000.0,830.8604006959232,2016.6200972455758,0.0002024281123671133,0.15591706181331394,2.618190689969428,0.005220722273234192,44740.40798576601
Nitrogen,73,100000.0,825.6018175379887,2023.302890308287,0.0001925476597306911,0.1535074637597304,2.5378716246981794,0.005328183427649578,45050.87942109268
Nitrogen,73,300000.0,826.0548218784503,2021.5366119997973,0.00019313714301826682,0.15371415309252337,2.539999069008682,0.005308837614611061,45036.19945315611
Nitrogen,73,500000.0,826.5056802604345,2019.7911414555147,0.00019372585131166182,0.15392008175565844,2.542135853145999,0.005289699580615239,45021.64916536376
Nitrogen,74,100000.0,821.1845801892055,2026.9403185511094,0.0001844293651704413,0.1515016103707447,2.467480809437918,0.005401663159284532,45311.384690187806
Nitrogen,74,300000.0,821.6514464251957,2025.075975398622,0.00018500387001909053,0.1517130744346478,2.4694436779923885,0.0053813559512744785,45296.86110252383
Nitrogen,74,500000.0,822.1160178796297,2023.234363821933,0.00018557756981059484,0.15192372883764463,2.471417199064453,0.005361275310547621,45282.47317459191
Nitrogen,75,100000.0,816.7297837612841,2030.8836398009478,0.00017681703823297862,0.14949584633221474,2.4020388458648023,0.005478058763681641,45551.697120706325
Nitrogen,75,300000.0,817.2111295538538,2028.9140150161377,0.0001773775880062168,0.14971224386585918,2.403837287870886,0.005456718098033824,45537.35157098233
Nitrogen,75,500000.0,817.690018946767,2026.969260272098,0.0001779372999581826,0.1499277790150665,2.4056478368482144,0.005435624916941451,45523.1481798875
Nitrogen,76,100000.0,812.2358469303138,2035.1548923080468,0.0001696691306974873,0.14748991727225358,2.3411970648491542,0.0055575762299542595,45772.114396801386
Nitrogen,76,300000.0,812.7323348002477,2033.0720468282093,0.0001702166916756742,0.14771141732351592,2.342830391989579,0.00553512278558444,45757.966881374115
Nitrogen,76,500000.0,813.2261904499221,2031.0164537851865,0.00017076337912302344,0.14793199816745747,2.3444774423327814,0.005512940168696439,45743.96863445807
Nitrogen,77,100000.0,807.7010722440302,2039.7776451192497,0.00016294793818252162,0.14548355570469038,2.2846400750450258,0.005640441502265046,45972.958728660014
Nitrogen,77,300000.0,808.2134140003326,2037.5728279694565,0.00016348342517149962,0.14571033850199383,2.2861067263821324,0.005616787759760505,45959.02730794311
Nitrogen,77,500000.0,808.7229319129884,2035.3979236859868,0.00016401799969566403,0.145936140756769,2.287588902217826,0.00559343095990609,45945.252985175655
Nitrogen,78,100000.0,4.506285925092951,1119.812135656234,5.486851636389409e-06,0.007248109374322158,0.847702860381951,0.014540999605900284,365.69466069591215
Nitrogen,78,300000.0,803.652596721955,2042.4408141149513,0.00015714348307824708,0.14370873733534012,2.2333803042347524,0.005701952011023378,46140.87521901242
Nitrogen,78,500000.0,804.1785253641314,2040.1372499446522,0.00015766680972312974,0.14393994840902333,2.234695337544864,0.00567732739989535,46127.34148308189
Nitrogen,79,100000.0,4.4418160754315625,1115.7376777365073,5.554862397754722e-06,0.007345564383718848,0.8437431010139684,0.014280962502761264,362.0921224661962
Nitrogen,79,300000.0,799.0479784831107,2047.7024400014138,0.00015116565593512854,0.14170632836218647,2.1843927937474987,0.005790878357632162,46303.87307386486
Nitrogen,79,500000.0,799.5911241744054,2045.259878220491,0.000151678558119681,0.14194314839302366,2.185537469195417,0.005764882230794461,46290.594140103036
Nitrogen,80,100000.0,4.379381528388169,1111.9650793206267,5.62277845827459e-06,0.007443032433237923,0.8400249965910305,0.01403250478454881,358.6214343269988
Nitrogen,80,300000.0,794.3975075576254,2053.386429991172,0.00014552151479998537,0.13970280894145445,2.138911207485264,0.005883856446135222,46448.40161601623
Nitrogen,80,500000.0,794.9587405831579,2050.793412034194,0.00014602477897954306,0.1399454519673625,2.139881293140105,0.005856373630527789,46435.3888723884
Nitrogen,81,100000.0,4.3188741335748295,1108.4638352530503,5.6905969193184706e-06,0.007540499320396847,0.8365256222495054,0.01379472502557733,355.27281949492215
Nitrogen,81,300000.0,789.698970133722,2059.5241466088073,0.00014018513010518002,0.1377346270274995,2.0961661324967467,0.005981206246930483,46582.320094328745
Nitrogen,81,500000.0,790.2792316948508,2056.7679393483895,0.0001406795102322957,0.1379795674667229,2.0970141571055585,0.005952108471732206,46568.805808064324
Nitrogen,82,100000.0,4.260194296183587,1105.207571538022,5.758315118080067e-06,0.0076379523049668885,0.8332250862139337,0.013566824542431495,352.0376069461237
Nitrogen,82,300000.0,784.9499735476169,2066.1499863474514,0.00013513282065854944,0.135747827942372,2.05678926720863,0.0060832821403433565,46695.358929054644
Nitrogen,82,500000.0,785.5502836928689,2063.216402034373,0.00013561904249366017,0.13600002762575691,2.057436588697597,0.0060524261229160095,46682.298676482074
Nitrogen,83,100000.0,4.203250047679454,1102.1733122845137,5.825930605940841e-06,0.0077353799224056784,0.8301059931769419,0.013348091698363379,348.9080615951756
Nitrogen,83,300000.0,780.1479272606703,2073.301833836345,0.0001303429291656644,0.13375568046634634,2.020401923301992,0.0061904777110302275,46790.634060014556
Nitrogen,83,500000.0,780.769393967949,2070.175018279845,0.00013082169448889,0.13401469489575651,2.0208515490827237,0.0061577028980514086,46777.886424804165
Nitrogen,84,100000.0,4.1479562477684055,1099.3409080126848,5.8934411295510455e-06,0.007832771827003652,0.827153026511483,0.013137889248639439,345.8772477432261
Nitrogen,84,300000.0,775.2900211824336,2081.021587799058,0.0001257956210978311,0.13175991731486256,1.9868212464766621,0.006303231396947053,46869.00871061884
Nitrogen,84,500000.0,775.9338507995097,2077.6837700414626,0.00012626761187533125,0.13202583836408727,1.9870668584720865,0.006268357285965707,46856.52872880966
Nitrogen,85,100000.0,4.0942338944163446,1096.6925841217242,5.9608446141766225e-06,0.00793011865886022,0.824352618755014,0.012935644018027609,342.9389179622572
Nitrogen,85,300000.0,770.3732008592856,2089.355775272645,0.0001214727041136577,0.12976086921902483,1.955903173316946,0.006422033175549636,46931.092067882986
Nitrogen,85,500000.0,771.0407101546785,2085.78697031093,0.00012193858667583723,0.13003391379891432,1.9559352467072693,0.006384856123025622,46918.84850095821
Nitrogen,86,100000.0,4.042009523666136,1094.2125798966738,6.028139148954034e-06,0.008027411930234991,0.8216926884378838,0.012740838390536895,340.08742167853575
Nitrogen,86,300000.0,765.3941389448629,2098.356274521192,0.00011735746556943452,0.12775846217486078,1.9275261305390399,0.006547432516921975,46977.436426491244
Nitrogen,86,500000.0,766.0867690778397,2094.5339284220454,0.00011781789486394896,0.1280389067123106,1.9273327498982455,0.0065077219138909605,46965.39725706492
Nitrogen,87,100000.0,3.991214684730897,1091.8868565410007,6.0953229737658416e-06,0.008124643927840902,0.8191624273675685,0.012553003225140247,337.3176292029702
Nitrogen,87,300000.0,760.3492022378095,2108.081172263262,0.00011343452593184682,0.12575243983381476,1.9015868695474276,0.006680047894741783,47008.582463666135
Nitrogen,87,500000.0,761.0685350281099,2103.9797361387314,0.00011389014992247824,0.12604060293736008,1.9011537710731552,0.006637541558607589,46996.709562667565
Nitrogen,88,100000.0,3.9417854786800337,1089.702858450769,6.162394467503883e-06,0.008221807628389102,0.8167521267407579,0.012371711906830243,334.624868018519
Nitrogen,88,300000.0,12.652394725024001,1232.532811633099,6.30681431142805e-06,0.008563375069870824,0.9077443779219565,0.015191698572840662,907.2365611427707
Nitrogen,88,500000.0,755.9821903758616,2114.1862031775618,0.00011014117043472224,0.12403867439834652,1.8773091865453073,0.006774976814182818,47013.32202689624
Nitrogen,89,100000.0,3.8936621512216942,1087.6493160301218,6.229352137528892e-06,0.008318896625246054,0.8144530334867188,0.012196575311589483,332.00486890328784
Nitrogen,89,300000.0,12.463851849834684,1222.2844927362391,6.371078509875828e-06,0.008651095879776645,0.900148440480281,0.014840006254117098,895.2580518920937
Nitrogen,89,500000.0,750.8235510829472,2125.2229786260086,0.00010655785996656233,0.12203271179182641,1.8557254790868185,0.00692077691089264,47015.78285802904
