case,fluid,model,Q_W,Re,Nu,f_Darcy,Nu_over_Nuinf,fRe,fRe_over_56p9,Nu_over_f,PF,St,j,j_over_f,Mo,NTU,eps,Lt_over_L,Be,Wpump_W,dP_Pa,h_W_m2K,mdot_kg_s,Tw_K,Tb_K,dTcool_K,rho_ratio,beta_dT_wall,Qrem_W,ebal_pct,nCells,gON,gci,P_bar,Re_target,turbulent,Tin,yplus_max,Tw_max,Tw_mean,dT_super,sat_margin,Qvol_m3_s
He_1bar_Re500,He,compressible,9.4,500.0,3.65623,0.186462,1.01281,93.231,1.63851,19.6084,6.39985,0.0103138,0.00820067,0.0439804,566.736,0.309579,0.266244,0.590833,445940000.0,4.85911e-05,0.294,17.0673,0.000159,87.3973426,50.68,11.36,1.25245,0.734347,9.39425,-0.0611702,291600,False,production,1,500,False,45.0,,97.56004,87.3973426,36.7173426,,0.00016527585034013608
He_1bar_Re500_gON,He,compressible,9.4,500.0,7.95647,0.209925,2.20401,104.963,1.84469,37.9015,13.3875,0.0224442,0.0178458,0.0850104,566.736,0.673688,0.490175,0.590833,502056000.0,5.45748e-05,0.3306,37.1408,0.000159,67.4763203,50.6036,11.2071,1.24905,0.337454,9.26781,-1.40628,291600,True,gON,1,500,False,45.0,,48.41515,67.4763203,16.872720299999997,,0.0001650780399274047
He_1bar_Re1000,He,compressible,9.4,1000.0,4.63817,0.111684,1.28481,111.684,1.96281,41.5294,9.63126,0.00654185,0.00520153,0.0465736,566.736,0.196361,0.178284,1.18167,1068410000.0,0.000211289,0.671,21.651,0.000318,76.7841835,47.8402,5.68041,1.12624,0.57888,9.39493,-0.0539362,291600,False,production,1,1000,False,45.0,,83.034582,76.7841835,28.943983499999995,,0.00031488673621460513
He_1bar_Re1500,He,compressible,9.4,1500.0,5.42003,0.0846657,1.50139,126.999,2.23197,64.0168,12.3433,0.00509641,0.00405224,0.0478616,566.736,0.152974,0.141848,1.7725,1822370000.0,0.000521382,1.124,25.3007,0.000477,71.6622734,46.8935,3.78697,1.08416,0.495375,9.39501,-0.0530851,291600,False,production,1,1500,False,45.0,,75.844828,71.6622734,24.7687734,,0.0004638629893238434
He_1bar_Re2300,He,compressible,9.4,2300.0,6.44916,0.0641834,1.78647,147.622,2.59441,100.48,16.1075,0.00395484,0.00314456,0.0489934,566.736,0.118709,0.111934,2.71783,3248060000.0,0.00138767,1.977,30.1047,0.0007314,67.0510664,46.2348,2.4696,1.0549,0.416325,9.39439,-0.0596809,291600,False,production,1,2300,False,45.0,,69.366805,67.0510664,20.816266399999996,,0.0007019069296914516
He_1bar_Re2300_gON,He,compressible,9.4,2300.0,8.18177,0.0656273,2.26642,150.943,2.65278,124.67,20.2839,0.00501734,0.00398937,0.0607883,566.736,0.150601,0.139809,2.71783,3321150000.0,0.00141933,2.0218,38.1925,0.0007314,62.6505009,46.2424,2.48475,1.05523,0.328162,9.45202,0.553404,291600,True,gON,1,2300,False,45.0,,59.281453,62.6505009,16.408100899999994,,0.0007020130576713819
He_1bar_Re2300_gci_coarse,He,compressible,9.4,2300.0,6.4385,0.0632094,1.78352,145.382,2.55504,101.86,16.1631,0.0039483,0.00313936,0.049666,566.736,0.118513,0.11176,2.71783,3198770000.0,0.00136661,1.947,30.0549,0.0007314,67.0858975,46.2352,2.47037,1.05491,0.417014,9.39732,-0.0285106,86400,False,coarse,1,2300,False,45.0,,69.43509,67.0858975,20.850697500000003,,0.0007019054956343093
He_1bar_Re2300_gci_fine,He,compressible,9.4,2300.0,6.45739,0.0647353,1.78875,148.891,2.61671,99.7507,16.0821,0.00395989,0.00314857,0.0486376,566.736,0.11886,0.112068,2.71783,3275990000.0,0.0013996,1.994,30.1431,0.0007314,67.0244369,46.2347,2.46937,1.05489,0.415795,9.39351,-0.0690426,984150,False,fine,1,2300,False,45.0,,69.340398,67.0244369,20.7897369,,0.0007019057171514543
He_1bar_Re5000,He,compressible,9.4,5000.0,13.7993,0.0460899,3.82252,230.45,4.05009,299.4,38.4877,0.00389261,0.00309508,0.0671531,566.736,0.116841,0.110273,5.90833,11022800000.0,0.0099549,6.616,64.415,0.00159,55.2964885,45.5679,1.13578,1.02531,0.194572,9.39243,-0.0805319,291600,False,production,1,5000,True,45.0,2.8992782,51.919663,55.2964885,9.7285885,,0.0015046704957678355
He_1bar_Re10000,He,compressible,9.4,10000.0,26.8488,0.0381547,7.43734,381.547,6.70557,703.683,79.7521,0.00378685,0.00301099,0.0789153,566.736,0.113666,0.107444,11.8167,36500200000.0,0.0651133,21.772,125.33,0.00318,50.2838154,45.2837,0.567316,1.01283,0.100002,9.38294,-0.181489,291600,False,production,1,10000,True,45.0,5.5633426,47.921266,50.2838154,5.0001153999999985,,0.002990689876906118
He_5bar_Re2300,He,compressible,9.4,2300.0,6.44921,0.0641175,1.78648,147.47,2.59174,100.584,16.1132,0.00395487,0.00314458,0.049044,2053.79,0.11871,0.111935,2.71783,3244720000.0,5.54513e-05,0.395,30.1049,0.0007314,67.0511886,46.2351,2.47014,1.05489,0.416322,9.39644,-0.0378723,291600,False,production,5,2300,False,45.0,,69.357815,67.0511886,20.8160886,,0.00014038303797468354
He_18bar_Re2300,He,compressible,9.4,2300.0,6.44919,0.0642798,1.78648,147.844,2.59831,100.33,16.0995,0.00395486,0.00314457,0.04892,5722.55,0.118709,0.111934,2.71783,3252950000.0,4.28948e-06,0.11,30.1048,0.0007314,67.0511548,46.235,2.47008,1.05489,0.416323,9.39621,-0.0403191,291600,False,production,18,2300,False,45.0,,69.361704,67.0511548,20.816154800000007,,3.899527272727273e-05
LN2_3bar_Re500,LN2,boussinesq,9.4,499.996,5.76511,0.162934,1.59698,81.4663,1.43175,35.3831,10.5553,0.00504388,0.00875284,0.0537202,45958.5,0.151251,0.140368,1.90498,1257600000.0,1.02209e-06,0.202094,83.9976,0.00408747,85.0247298,77.5642,1.12846,1.0,0.0419058,9.40037,0.00393617,291600,False,production,3,500,False,77.0,,85.669261,85.0247298,7.460529800000003,2.2407389999999907,5.0574979959820685e-06
LN2_3bar_Re500_gON,LN2,boussinesq,9.4,499.996,24.7609,1.35458,6.85898,677.285,11.9031,18.2794,22.3785,0.0216633,0.0375932,0.0277527,45958.5,0.64962,0.477756,1.90498,10455200000.0,8.49731e-06,1.68014,360.767,0.00408747,78.895242,77.1582,0.316393,1.0,0.00975696,2.63564,-71.9613,291600,True,gON,3,500,False,77.0,,78.585311,78.895242,1.7370420000000024,9.324688999999992,5.057501160617568e-06
LN2_3bar_Re1000,LN2,boussinesq,9.4,999.993,7.44949,0.100949,2.06357,100.948,1.77413,73.7946,15.999,0.00325877,0.00565507,0.0560191,45958.5,0.0977211,0.0930982,3.80997,3116680000.0,5.06606e-06,0.500846,108.539,0.00817494,83.0557804,77.2821,0.56423,1.0,0.0324308,9.40037,0.00393617,291600,False,production,3,1000,False,77.0,,83.086834,83.0557804,5.7736804000000035,4.8231660000000005,1.0115005410844851e-05
LN2_3bar_Re1500,LN2,boussinesq,9.4,1499.99,8.74688,0.0778408,2.42296,116.76,2.05202,112.369,20.4857,0.00255087,0.00442662,0.0568676,45958.5,0.0764934,0.073641,5.71497,5407290000.0,1.31841e-05,0.868944,127.442,0.0122624,82.1053769,77.1881,0.376147,1.0,0.0276203,9.4002,0.00212766,291600,False,production,3,1500,False,77.0,,81.875196,82.1053769,4.91727689999999,6.034803999999994,1.5172554272772466e-05
LN2_3bar_Re2300,LN2,boussinesq,9.4,2299.99,10.4362,0.0599322,2.89091,137.843,2.42255,174.133,26.6679,0.00198491,0.00344449,0.0574731,45958.5,0.0595216,0.0577848,8.76297,9788270000.0,3.65941e-05,1.57296,152.055,0.0188024,81.2440032,77.1227,0.245306,1.0,0.0231494,9.39995,-0.000531915,291600,False,production,3,2300,False,77.0,,80.803719,81.2440032,4.1213032,7.106280999999996,2.3264482250025432e-05
LN2_3bar_Re2300_gON,LN2,boussinesq,9.4,2299.99,31.7817,0.114317,8.8038,262.928,4.62088,278.014,65.4848,0.0060447,0.0104896,0.0917589,45958.5,0.181264,0.165785,8.76297,18670600000.0,6.98012e-05,3.00033,463.06,0.0188024,78.4627175,77.1094,0.218884,1.0,0.00760158,8.38748,-10.7715,291600,True,gON,3,2300,False,77.0,,77.557532,78.4627175,1.3533175000000028,10.352468000000002,2.3264507570833877e-05
LN2_3bar_Re2300_gci_coarse,LN2,boussinesq,9.4,2299.99,10.5128,0.0591663,2.91213,136.082,2.3916,177.682,26.9791,0.00199948,0.00346977,0.0586444,45958.5,0.0599588,0.0581967,8.76297,9663190000.0,3.61265e-05,1.55286,153.172,0.0188024,81.2139728,77.1227,0.245343,1.0,0.0229807,9.40137,0.0145745,86400,False,coarse,3,2300,False,77.0,,80.802241,81.2139728,4.091272799999999,7.1077590000000015,2.3264492613629046e-05
LN2_3bar_Re2300_gci_fine,LN2,boussinesq,9.4,2299.99,10.3824,0.0603063,2.87601,138.704,2.43768,172.161,26.4755,0.00197467,0.00342672,0.0568219,45958.5,0.0592151,0.057496,8.76297,9849380000.0,3.68226e-05,1.58278,151.272,0.0188024,81.2652377,77.1226,0.245253,1.0,0.0232692,9.39792,-0.0221277,984150,False,fine,3,2300,False,77.0,,80.820698,81.2652377,4.1426376999999945,7.0893020000000035,2.326450928113825e-05
LN2_3bar_Re5000,LN2,boussinesq,9.4,5000.01,27.8111,0.0448943,7.70391,224.472,3.94503,619.48,78.2506,0.00243316,0.00422236,0.0940511,45958.5,0.0729636,0.0703653,19.05,34652100000.0,0.000281632,5.56854,405.208,0.0408751,78.6029302,77.0564,0.112882,1.0,0.00868686,9.40346,0.0368085,291600,False,production,3,5000,True,77.0,2.9143801,77.637333,78.6029302,1.5465302000000065,10.272666999999998,5.057555481329038e-05
LN2_3bar_Re10000,LN2,boussinesq,9.4,9999.93,53.3019,0.0374161,14.7651,374.158,6.57571,1424.57,159.364,0.00233168,0.00404625,0.108142,45958.5,0.0699205,0.0675321,38.0997,115518000000.0,0.0018777,18.5635,776.608,0.0817494,77.8351278,77.0282,0.0564372,1.0,0.00453251,9.40274,0.0291489,291600,False,production,3,10000,True,77.0,5.5718904,77.268981,77.8351278,0.8069277999999969,10.641019,0.00010115010639157485
