case,route,T1,Q1_W,Q2_W,W_ideal_W,W_ideal_S1,W_ideal_S2,W_real_lo_W,W_real_hi_W,W_real_mid_W,scenario,shield,T_plate_K
He_base_nominal 50 / 77 K (decoupled),He,50.0,8.392747853250413,0.07335692811327399,47.392151946634336,41.96373926625206,5.428412680382275,641.6524404671654,1098.188977710305,839.4376913398389,nominal 50 / 77 K (decoupled),base,50.0
LN2_base_nominal 50 / 77 K (decoupled),LN2,77.0,8.299418251202049,0.17963288072633296,37.328810706450675,24.035977532702038,13.292833173748638,961.2589930849027,1766.7023074875706,1303.172467932114,nominal 50 / 77 K (decoupled),base,77.0
"He_base_matched Re = 2300 (He 1 bar laminar, LN2 laminar)",He,50.0,8.34008346779442,0.13506293576736006,51.69507458575674,41.7004173389721,9.994657246784644,944.3160453787904,1666.3391092378015,1254.412402205544,"matched Re = 2300 (He 1 bar laminar, LN2 laminar)",base,67.05
"LN2_base_matched Re = 2300 (He 1 bar laminar, LN2 laminar)",LN2,77.0,8.279520001483181,0.2006363598219762,38.82544076099182,23.978350134165577,14.847090626826239,1064.6961724550981,1960.7325112866347,1444.8475352005667,"matched Re = 2300 (He 1 bar laminar, LN2 laminar)",base,81.24
"He_base_own design points (He Re = 1e4, LN2 Re = 2300)",He,50.0,8.392037980809151,0.0742233687311242,47.45271919014895,41.960189904045755,5.492529286103191,646.0334184338511,1106.2982598033566,845.397914961193,"own design points (He Re = 1e4, LN2 Re = 2300)",base,50.28
"LN2_base_own design points (He Re = 1e4, LN2 Re = 2300)",LN2,77.0,8.279520001483181,0.2006363598219762,38.82544076099182,23.978350134165577,14.847090626826239,1064.6961724550981,1960.7325112866347,1444.8475352005667,"own design points (He Re = 1e4, LN2 Re = 2300)",base,81.24
"He_base_both turbulent, Re = 1e4",He,50.0,8.392037980809151,0.0742233687311242,47.45271919014895,41.960189904045755,5.492529286103191,646.0334184338511,1106.2982598033566,845.397914961193,"both turbulent, Re = 1e4",base,50.28
"LN2_base_both turbulent, Re = 1e4",LN2,77.0,8.29560494430035,0.18369616685812817,37.61845014722847,24.02493379972699,13.593516347501485,981.2700457785276,1804.2394150941525,1330.5811111859596,"both turbulent, Re = 1e4",base,77.84
He_mli_nominal 50 / 77 K (decoupled),He,50.0,2.719847853250413,0.07335692811327399,19.027651946634343,13.599239266252066,5.428412680382275,452.5557738004988,814.543977710305,607.1462592549042,nominal 50 / 77 K (decoupled),mli,50.0
LN2_mli_nominal 50 / 77 K (decoupled),LN2,77.0,2.646818251202049,0.17963288072633296,20.958293823333793,7.665460649585155,13.292833173748638,910.1299478587721,1695.1216441709878,1242.0873454083724,nominal 50 / 77 K (decoupled),mli,77.0
"He_mli_matched Re = 2300 (He 1 bar laminar, LN2 laminar)",He,50.0,2.6769689555078093,0.13506293576736006,23.379502024323692,13.384844777539048,9.994657246784644,755.5455616359034,1383.183383623471,1022.2806877953827,"matched Re = 2300 (He 1 bar laminar, LN2 laminar)",mli,67.05
"LN2_mli_matched Re = 2300 (He 1 bar laminar, LN2 laminar)",LN2,77.0,2.6328118083300325,0.2006363598219762,22.471987162639188,7.624896535812951,14.847090626826239,1013.6204199542153,1889.226457785399,1383.8202612800012,"matched Re = 2300 (He 1 bar laminar, LN2 laminar)",mli,81.24
"He_mli_own design points (He Re = 1e4, LN2 Re = 2300)",He,50.0,2.719236933985562,0.0742233687311242,19.088713956031004,13.596184669927812,5.492529286103191,456.9400502063982,822.658207462177,613.1056447605256,"own design points (He Re = 1e4, LN2 Re = 2300)",mli,50.28
"LN2_mli_own design points (He Re = 1e4, LN2 Re = 2300)",LN2,77.0,2.6328118083300325,0.2006363598219762,22.471987162639188,7.624896535812951,14.847090626826239,1013.6204199542153,1889.226457785399,1383.8202612800012,"own design points (He Re = 1e4, LN2 Re = 2300)",mli,81.24
"He_mli_both turbulent, Re = 1e4",He,50.0,2.719236933985562,0.0742233687311242,19.088713956031004,13.596184669927812,5.492529286103191,456.9400502063982,822.658207462177,613.1056447605256,"both turbulent, Re = 1e4",mli,50.28
"LN2_mli_both turbulent, Re = 1e4",LN2,77.0,2.6440978021680213,0.18369616685812817,21.25109829404004,7.657581946538555,13.593516347501485,930.1508856989386,1732.672590982728,1269.506575457118,"both turbulent, Re = 1e4",mli,77.84
