case,Re,P_bar,mdot_kg_s,Qvol_cm3_s,dP_Pa,Wpump_W,Tin,Tout,Tw_K,Tw_max,dT_super,h_W_m2K,Nu,f_Darcy,NTU,eps,Lt_over_L,Mo,Gr_Re2,sat_margin,yplus_max,ebal_pct,Tw_min,Tw_cl_max,sat_margin_3bar
He_1bar_Re500,500.0,1.0,0.000159,167.37922770199367,0.294,4.85911e-05,45.0,56.36,87.3973426,106.149391,36.7173426,17.0673,3.65623,0.186462,0.309579,0.266244,0.590833,566.736,0.6342208747845758,,,-0.0611702,47.9432236,103.169,
He_1bar_Re500_gON,500.0,1.0,0.000159,167.12690384649977,0.3306,5.45748e-05,45.0,56.2071,67.4763203,95.2433325,16.872720299999997,37.1408,7.95647,0.209925,0.673688,0.490175,0.590833,566.736,0.2927655515892285,,,-1.40628,47.9423354,,
He_1bar_Re500_varprop,500.0,1.0,0.000159,165.284142394822,0.309,5.10728e-05,45.0,56.365700000000004,82.9736907,97.30127,32.29079070000001,19.407,4.15746,0.195965,0.352019,0.296733,0.590833,566.736,0.6342208747845758,,,-0.0109574,48.006195,,
He_1bar_Re1000,1000.0,1.0,0.000318,316.0006207225303,0.671,0.000211289,45.0,50.68041,76.7841835,92.5924506,28.943983499999995,21.651,4.63817,0.111684,0.196361,0.178284,1.18167,566.736,0.1485930373153487,,,-0.0539362,47.1436086,88.6353,
He_1bar_Re1500,1500.0,1.0,0.000477,464.6210229425874,1.124,0.000521382,45.0,48.78697,71.6622734,85.8976496,24.7687734,25.3007,5.42003,0.0846657,0.152974,0.141848,1.7725,566.736,0.0600071712120862,,,-0.0530851,46.8440626,81.4319,
He_1bar_Re2300,2300.0,1.0,0.0007314,702.4117509470842,1.977,0.00138767,45.0,47.4696,67.0510664,79.7441146,20.816266399999996,30.1047,6.44916,0.0641834,0.118709,0.111934,2.71783,566.736,0.0223799613944559,,,-0.0596809,46.6386386,74.9285,
He_1bar_Re2300_gON,2300.0,1.0,0.0007314,702.5272122296507,2.0218,0.00141933,45.0,47.48475,62.6505009,80.9067226,16.408100899999994,38.1925,8.18177,0.0656273,0.150601,0.139809,2.71783,566.736,0.0176319629913348,,,0.553404,46.6384346,,
He_1bar_Re2300_gci_coarse,2300.0,1.0,0.0007314,702.4178278566932,1.947,0.00136661,45.0,47.47037,67.0858975,79.854521,20.850697500000003,30.0549,6.4385,0.0632094,0.118513,0.11176,2.71783,566.736,0.0224163971098773,,,-0.0285106,47.264683,,
He_1bar_Re2300_gci_fine,2300.0,1.0,0.0007314,702.4102317196821,1.994,0.0013996,45.0,47.46937,67.0244369,79.6783223,20.7897369,30.1431,6.45739,0.0647353,0.11886,0.112068,2.71783,566.736,0.0223515840582474,,,-0.0690426,46.2418383,,
He_1bar_Re2300_varprop,2300.0,1.0,0.0007314,701.9131751640585,1.981,0.00139049,45.0,47.47081,66.0343499,76.8576739,19.798949899999997,31.6515,6.78053,0.064312,0.124808,0.117334,2.71783,566.736,0.0223799613944559,,,-0.0107447,46.6976976,,
He_1bar_Re5000,5000.0,1.0,0.00159,1504.9565726128017,6.616,0.0099549,45.0,46.13578,55.2964885,61.3402496,9.7285885,64.415,13.7993,0.0460899,0.116841,0.110273,5.90833,566.736,0.0023118087303541,,2.8992782,-0.0805319,46.4559026,56.2805,
He_1bar_Re10000,10000.0,1.0,0.00318,2991.1407788037773,21.772,0.0651133,45.0,45.567316,50.2838154,54.3121306,5.0001153999999985,125.33,26.8488,0.0381547,0.113666,0.107444,11.8167,566.736,0.0003026728260897,,5.5633426,-0.181489,46.3751686,50.6014,
He_5bar_Re2300,2300.0,5.0,0.0007314,140.4832617258582,0.395,5.54513e-05,45.0,47.47014,67.0511886,79.7549116,20.8160886,30.1049,6.44921,0.0641175,0.11871,0.111935,2.71783,2053.79,0.5594833650641156,,,-0.0378723,46.6385746,74.9199,
He_18bar_Re2300,2300.0,18.0,0.0007314,39.02304385566048,0.11,4.28948e-06,45.0,47.47008,67.0511548,79.7476636,20.816154800000007,30.1048,6.44919,0.0642798,0.118709,0.111934,2.71783,5722.55,7.250974519196007,,,-0.0403191,46.6385076,74.9225,
LN2_3bar_Re500,499.996,3.0,0.00408747,5.057498144023756,0.202094,1.02209e-06,77.0,78.12846,85.0247298,89.1634867,7.460529800000003,83.9976,5.76511,0.162934,0.151251,0.140368,1.90498,45958.5,40.1802115489551,4.836513299999993,,0.00393617,77.6799737,87.4527,-1.2534867000000105
LN2_3bar_Re500_gON,499.996,3.0,0.00408747,5.057498144023756,1.68014,8.49731e-06,77.0,77.316393,78.895242,81.7130357,1.7370420000000024,360.767,24.7609,1.35458,0.64962,0.477756,1.90498,45958.5,9.355195529065528,12.286964299999994,,-71.9613,77.6740327,,6.1969642999999905
LN2_3bar_Re1000,999.993,3.0,0.00817494,10.114996288047513,0.500846,5.06606e-06,77.0,77.56423,83.0557804,86.5988577,5.7736804000000035,108.539,7.44949,0.100949,0.0977211,0.0930982,3.80997,45958.5,7.773819089551792,7.401142300000004,,0.00393617,77.5592987,84.8527,1.3111423000000002
LN2_3bar_Re1500,1499.99,3.0,0.0122624,15.172482058896312,0.868944,1.31841e-05,77.0,77.376147,82.1053769,85.3103947,4.91727689999999,127.442,8.74688,0.0778408,0.0764934,0.073641,5.71497,45958.5,2.942547937949773,8.689605299999997,,0.00212766,77.5144527,83.6259,2.5996052999999932
LN2_3bar_Re2300,2299.99,3.0,0.0188024,23.26453848057411,1.57296,3.65941e-05,77.0,77.245306,81.2440032,84.1040877,4.1213032,152.055,10.4362,0.0599322,0.0595216,0.0577848,8.76297,45958.5,1.0489584364764897,9.895912300000006,,-0.000531915,77.4815067,82.534,3.805912300000003
LN2_3bar_Re2300_gON,2299.99,3.0,0.0188024,23.26453848057411,3.00033,6.98012e-05,77.0,77.218884,78.4627175,79.9425487,1.3533175000000028,463.06,31.7817,0.114317,0.181264,0.165785,8.76297,45958.5,0.3444477972055718,14.057451299999997,,-10.7715,77.4814947,,7.967451299999993
LN2_3bar_Re2300_gci_coarse,2299.99,3.0,0.0188024,23.26453848057411,1.55286,3.61265e-05,77.0,77.245343,81.2139728,84.0918901,4.091272799999999,153.172,10.5128,0.0591663,0.0599588,0.0581967,8.76297,45958.5,1.0413150674007163,9.9081099,,0.0145745,77.6800101,,3.818109899999996
LN2_3bar_Re2300_gci_fine,2299.99,3.0,0.0188024,23.26453848057411,1.58278,3.68226e-05,77.0,77.245253,81.2652377,84.1182152,4.1426376999999945,151.272,10.3824,0.0603063,0.0592151,0.057496,8.76297,45958.5,1.054388515914227,9.881784800000005,,-0.0221277,77.3524832,,3.791784800000002
LN2_3bar_Re5000,5000.01,3.0,0.0408751,50.57547636723583,5.56854,0.000281632,77.0,77.112882,78.6029302,79.9677647,1.5465302000000063,405.208,27.8111,0.0448943,0.0729636,0.0703653,19.05,45958.5,0.0832898862133565,14.032235299999996,2.9143801,0.0368085,77.4451337,78.5075,7.942235299999993
LN2_3bar_Re10000,9999.93,3.0,0.0817494,101.14996288047512,18.5635,0.0018777,77.0,77.0564372,77.8351278,78.5696997,0.8069277999999969,776.608,53.3019,0.0374161,0.0699205,0.0675321,38.0997,45958.5,0.0108646656914539,15.430300299999999,5.5718904,0.0291489,77.4296857,77.8299,9.340300299999996
