x_m,T_wall_K
0.000833335,46.6502
0.0024999999999999996,47.5979
0.004166665,48.7205
0.005833335,49.6646
0.0075,50.3576
0.009166665000000001,50.9212
0.01083335,51.4277
0.012499999999999999,51.8929
0.01416665,52.3275
0.01583335,52.7337
0.017499999999999998,53.113
0.01916665,53.4713
0.02083335,53.8094
0.0225,54.1322
0.024166649999999998,54.44
0.02583335,54.7365
0.027500000000000004,55.0214
0.02916665,55.2973
0.030833349999999995,55.5637
0.0325,55.8229
0.03416665000000001,56.0736
0.03583335,56.3185
0.037500000000000006,56.556
0.039166650000000004,56.7881
0.040833350000000004,57.0145
0.042499999999999996,57.2351
0.04416665,57.4516
0.04583335,57.6626
0.0475,57.8697
0.049166650000000006,58.073
0.050833350000000006,58.271
0.0525,58.4676
0.05416665,58.6584
0.055833350000000004,58.8481
0.0575,59.0324
0.05916665,59.2162
0.060833349999999994,59.3944
0.0625,59.5726
0.06416664999999999,59.746
0.06583335,59.9184
0.06749999999999999,60.0876
0.06916665,60.2553
0.07083335,60.4194
0.0725,60.584
0.07416665,60.7428
0.07583335,60.9041
0.0775,61.0591
0.07916665,61.2162
0.08083335,61.3684
0.08249999999999999,61.5213
0.08416665000000001,61.6705
0.08583335,61.8204
0.08750000000000001,61.9659
0.08916664999999999,62.1136
0.09083335,62.2557
0.0925,62.4006
0.09416664999999999,62.5403
0.09583335,62.6821
0.0975,62.8197
0.09916665,62.9584
0.1008335,63.0938
0.1025,63.2305
0.1041665,63.3628
0.1058335,63.4985
0.1075,63.6273
0.1091665,63.7614
0.1108335,63.8886
0.1125,64.0195
0.1141665,64.146
0.1158335,64.2744
0.1175,64.3985
0.1191665,64.5264
0.12083349999999998,64.647
0.1225,64.7742
0.1241665,64.8932
0.1258335,65.0175
0.1275,65.1367
0.12916650000000002,65.2581
0.1308335,65.3761
0.1325,65.4966
0.13416650000000002,65.6116
0.1358335,65.7322
0.1375,65.8443
0.13916650000000003,65.964
0.1408335,66.0753
0.1425,66.1924
0.1441665,66.3038
0.1458335,66.4187
0.1475,66.5289
0.1491665,66.6432
0.1508335,66.7507
0.1525,66.8649
0.1541665,66.9707
0.1558335,67.0837
0.1575,67.1887
0.15916650000000002,67.3
0.16083350000000002,67.4046
0.1625,67.5147
0.16416650000000002,67.617
0.16583350000000002,67.727
0.16750000000000004,67.8279
0.16916650000000003,67.937
0.1708335,68.0368
0.1725,68.1444
0.1741665,68.2445
0.1758335,68.3506
0.1775,68.4482
0.1791665,68.555
0.1808335,68.6509
0.1825,68.7576
0.1841665,68.8515
0.1858335,68.9574
0.1875,69.0519
0.18916650000000002,69.1558
0.19083350000000002,69.2478
0.1925,69.3519
0.19416650000000002,69.4433
0.19583350000000002,69.5474
0.1975,69.6367
0.19916650000000002,69.7404
0.20083350000000003,69.8307
0.2025,69.9331
0.2041665,70.0195
0.2058335,70.122
0.2075,70.2085
0.20916649999999998,70.3106
0.2108335,70.3945
0.2125,70.4963
0.21416649999999998,70.5824
0.2158335,70.6842
0.2175,70.7661
0.2191665,70.8663
0.22083350000000002,70.9487
0.2225,71.0503
0.2241665,71.129
0.22583350000000002,71.2285
0.2275,71.3095
0.2291665,71.4119
0.23083350000000002,71.4902
0.2325,71.5883
0.2341665,71.6627
0.23583349999999997,71.7638
0.2375,71.8393
0.2391665,71.9399
0.24083349999999998,72.0134
0.2425,72.1164
0.24416649999999998,72.1916
0.24583349999999998,72.2942
0.2475,72.3626
0.2491665,72.4596
0.2508335,72.5265
0.2525,72.6282
0.25416649999999996,72.6966
0.2558335,72.7988
0.25749999999999995,72.8671
0.25916649999999997,72.9724
0.2608335,73.0414
0.2625,73.1451
0.26416649999999997,73.2049
0.2658335,73.303
0.26749999999999996,73.36
0.2691665,73.4665
0.2708335,73.5253
0.2725,73.634
0.2741665,73.6888
0.2758335,73.7998
0.27749999999999997,73.8522
0.2791665,73.9639
0.2808335,74.0071
0.28250000000000003,74.12
0.2841665,74.1609
0.28583349999999996,74.2838
0.2875,74.3259
0.2891665,74.4523
0.29083349999999997,74.4853
0.29250000000000004,74.6093
0.2941665,74.6335
0.29583349999999997,74.7598
0.2975,74.7753
0.2991665,74.9199
